,KYTREASNOX,MCALDT,TMYTM,rf,year,month,realmonth
0,2000001,1973-01-31,5.5713957999409,0.004528328321560693,1973,1,1
1,2000001,1973-02-28,5.5794192629046,0.004534690141950959,1973,2,2
2,2000001,1973-03-30,5.8749135902182,0.004768680039255679,1973,3,3
3,2000001,1973-04-30,5.9870019490793,0.0048572816551826214,1973,4,4
4,2000001,1973-05-31,6.5266410406333,0.005282647443987987,1973,5,5
5,2000001,1973-06-29,7.4356971566907,0.005994756782921273,1973,6,6
6,2000001,1973-07-31,8.3118257302277,0.006675864590017566,1973,7,7
7,2000001,1973-08-31,8.5812769023939,0.006884322283069011,1973,8,8
8,2000001,1973-09-28,7.3351582620523,0.00591627184556498,1973,9,9
9,2000001,1973-10-31,6.9281956194022,0.005597889474232787,1973,10,10
10,2000001,1973-11-30,7.4474415500727,0.006003920563800946,1973,11,11
11,2000001,1973-12-31,7.3635220605133,0.005938420654799659,1973,12,12
12,2000001,1974-01-31,7.5503336810773,0.006084164823052518,1974,1,13
13,2000001,1974-02-28,7.3767217526032,0.005948726241687741,1974,2,14
14,2000001,1974-03-29,8.4995023134959,0.006821108509953877,1974,3,15
15,2000001,1974-04-30,8.7712716995854,0.007031024624931881,1974,4,16
16,2000001,1974-05-31,7.8337847196362,0.006304861258596306,1974,5,17
17,2000001,1974-06-28,7.6806731342588,0.006185713925793035,1974,6,18
18,2000001,1974-07-31,7.7145427955703,0.0062120837595331935,1974,7,19
19,2000001,1974-08-30,9.2151194458518,0.007372823421913477,1974,8,20
20,2000001,1974-09-30,6.1704820957051,0.005002130575868957,1974,9,21
21,2000001,1974-10-31,6.6723874728775,0.0053971920006090635,1974,10,22
22,2000001,1974-11-29,7.4984985238742,0.006043748045921671,1974,11,23
23,2000001,1974-12-31,6.5368548940588,0.005290679361573014,1974,12,24
24,2000001,1975-01-31,5.5399943958335,0.004503425820887141,1975,1,25
25,2000001,1975-02-28,4.7555282358248,0.003879099886132664,1975,2,26
26,2000001,1975-03-31,5.2738987318131,0.004292128840339693,1975,3,27
27,2000001,1975-04-30,5.213901662238,0.004244419697552404,1975,4,28
28,2000001,1975-05-30,4.8563773445018,0.003959601340451702,1975,5,29
29,2000001,1975-06-30,5.6507603350614,0.004591237144939031,1975,6,30
30,2000001,1975-07-31,6.0297513220994,0.004891050795659657,1975,7,31
31,2000001,1975-08-29,5.968098304203,0.0048423450608654495,1975,8,32
32,2000001,1975-09-30,6.2922352642755,0.005098122359189716,1975,9,33
33,2000001,1975-10-31,5.3157950014153,0.004325429608912801,1975,10,34
34,2000001,1975-11-28,5.183707451575,0.0042204000922652085,1975,11,35
35,2000001,1975-12-31,5.1720308363462,0.004211109607264563,1975,12,36
36,2000001,1976-01-30,4.5212994869407,0.003691855462375271,1976,1,37
37,2000001,1976-02-27,4.6536503208426,0.0037977050366333476,1976,2,38
38,2000001,1976-03-31,4.7555336273024,0.0038791041917063396,1976,3,39
39,2000001,1976-04-30,4.6937806938734,0.00382977566371534,1976,4,40
40,2000001,1976-05-28,5.0604019784695,0.0041222444813047154,1976,5,41
41,2000001,1976-06-30,5.2961696443257,0.0043098321314800625,1976,6,42
42,2000001,1976-07-30,5.0814385986706,0.004138997859659321,1976,7,43
43,2000001,1976-08-31,4.7644758630278,0.0038862450812919835,1976,8,44
44,2000001,1976-09-30,5.0817996838077,0.0041392853978310384,1976,9,45
45,2000001,1976-10-29,4.7555174528699,0.0038790912749853135,1976,10,46
46,2000001,1976-11-30,4.347199535549,0.0035524291349704473,1976,11,47
47,2000001,1976-12-31,4.2566144261453,0.003479800531016819,1976,12,48
48,2000001,1977-01-31,4.5510384388261,0.003715650334930487,1977,1,49
49,2000001,1977-02-28,4.4288747499078,0.003617864503484114,1977,2,50
50,2000001,1977-03-31,4.5414160933057,0.003707951936805065,1977,3,51
51,2000001,1977-04-29,4.3884197405506,0.0035854592093211846,1977,4,52
52,2000001,1977-05-31,4.8350901507543,0.003942615033473151,1977,5,53
53,2000001,1977-06-30,4.9493680019636,0.00403376702298841,1977,6,54
54,2000001,1977-07-29,5.3463325224635,0.0043496943561429635,1977,7,55
55,2000001,1977-08-31,5.3776986434293,0.004374610787385436,1977,8,56
56,2000001,1977-09-30,5.8151636362735,0.004721414816530212,1977,9,57
57,2000001,1977-10-31,5.8240028233445,0.004728408600339407,1977,10,58
58,2000001,1977-11-30,5.6937504516381,0.004625295459578016,1977,11,59
59,2000001,1977-12-30,5.7540250100169,0.00467302575293127,1977,12,60
60,2000001,1978-01-31,5.9967208538158,0.0048649600352208555,1978,1,61
61,2000001,1978-02-28,6.0884251740265,0.004937378893129285,1978,2,62
62,2000001,1978-03-31,6.4972253572089,0.005259511745220324,1978,3,63
63,2000001,1978-04-28,6.0486483399274,0.004905974195988927,1978,4,64
64,2000001,1978-05-31,6.5097372536433,0.005269353179766512,1978,5,65
65,2000001,1978-06-30,6.5595704755094,0.0053085397935423995,1978,6,66
66,2000001,1978-07-31,6.5170219181511,0.0052750825623704145,1978,7,67
67,2000001,1978-08-31,7.6013808131684,0.006123949716072996,1978,8,68
68,2000001,1978-09-29,8.0193091667989,0.006449023790771724,1978,9,69
69,2000001,1978-10-31,8.5363841008461,0.006849624445614433,1978,10,70
70,2000001,1978-11-30,9.0628587330568,0.007255714025790949,1978,11,71
71,2000001,1978-12-29,8.4280128146252,0.006765809575654647,1978,12,72
72,2000001,1979-01-31,9.5219756131092,0.007608383914067485,1979,1,73
73,2000001,1979-02-28,9.5424300332788,0.007624064390635565,1979,2,74
74,2000001,1979-03-30,9.6421703239067,0.007700487441479442,1979,3,75
75,2000001,1979-04-30,9.5693372511541,0.007644687532091465,1979,4,76
76,2000001,1979-05-31,9.6869363073906,0.00773476733557632,1979,5,77
77,2000001,1979-06-29,8.9901567043598,0.007199743308622608,1979,6,78
78,2000001,1979-07-31,9.0981299697221,0.007282855781558961,1979,7,79
79,2000001,1979-08-31,10.054020184712,0.008015381866064208,1979,8,80
80,2000001,1979-09-28,10.279168062276,0.008187070277054342,1979,9,81
81,2000001,1979-10-31,11.717011923041,0.009275991852406351,1979,10,82
82,2000001,1979-11-30,10.90379884883,0.008661710942184042,1979,11,83
83,2000001,1979-12-31,9.344482922687,0.0074722041649901705,1979,12,84
84,2000001,1980-01-31,11.721614020654,0.009279456483604509,1980,1,85
85,2000001,1980-02-29,13.61636785656,0.010694902040589316,1980,2,86
86,2000001,1980-03-31,15.050646803179,0.011752039953328852,1980,3,87
87,2000001,1980-04-30,9.2379298527468,0.007390354865629112,1980,4,88
88,2000001,1980-05-30,7.1820263316345,0.005796600963794862,1980,5,89
89,2000001,1980-06-30,6.2010228155294,0.005026218754546452,1980,6,90
90,2000001,1980-07-31,7.4992604535221,0.006044342265127067,1980,7,91
91,2000001,1980-08-29,9.2969461594551,0.007435697588232371,1980,8,92
92,2000001,1980-09-30,10.794970512916,0.008579191694439992,1980,9,93
93,2000001,1980-10-31,11.682503145727,0.009250008184847669,1980,10,94
94,2000001,1980-11-28,14.651751019379,0.01145925123080449,1980,11,95
95,2000001,1980-12-31,12.527633629162,0.009884249482442709,1980,12,96
96,2000001,1981-01-30,13.919302365963,0.01091919545707598,1981,1,97
97,2000001,1981-02-27,14.032281897832,0.011002705810525981,1981,2,98
98,2000001,1981-03-31,13.016699446614,0.010249284810729842,1981,3,99
99,2000001,1981-04-30,13.819236045348,0.01084516665515567,1981,4,100
100,2000001,1981-05-29,16.150476854079,0.012554519423920052,1981,5,101
101,2000001,1981-06-30,14.411282281761,0.0112822961961756,1981,6,102
102,2000001,1981-07-31,14.957169615312,0.011683511457767803,1981,7,103
103,2000001,1981-08-31,14.968477193347,0.011691803803071332,1981,8,104
104,2000001,1981-09-30,13.996604563662,0.010976342621816348,1981,9,105
105,2000001,1981-10-30,12.718200057899,0.010026659552514472,1981,10,106
106,2000001,1981-11-30,10.244136881857,0.008160378074818064,1981,11,107
107,2000001,1981-12-31,9.6357817264791,0.007695594278066542,1981,12,108
108,2000001,1982-01-29,11.928527163154,0.009435093425998575,1982,1,109
109,2000001,1982-02-26,11.826010303908,0.00935801478674314,1982,2,110
110,2000001,1982-03-31,13.421077153993,0.010550017556495428,1982,3,111
111,2000001,1982-04-30,12.236136493166,0.009665985718594783,1982,4,112
112,2000001,1982-05-28,11.436522839533,0.009064581804469451,1982,5,113
113,2000001,1982-06-30,11.778569608805,0.009322323955512912,1982,6,114
114,2000001,1982-07-30,8.9186291125568,0.0071446433396005204,1982,7,115
115,2000001,1982-08-31,6.2106838962052,0.0050338373523626245,1982,8,116
116,2000001,1982-09-30,7.0194057465244,0.005669343087884027,1982,9,117
117,2000001,1982-10-29,7.7026858296125,0.00620285317029623,1982,10,118
118,2000001,1982-11-30,7.6280291665411,0.006144711921484802,1982,11,119
119,2000001,1982-12-31,8.060150357189,0.006480729121314699,1982,12,120
120,2000001,1983-01-31,8.037105082893,0.006462840248093071,1983,1,121
121,2000001,1983-02-28,7.4247662728964,0.0059862269328978535,1983,2,122
122,2000001,1983-03-31,8.5720773362914,0.006877212970683777,1983,3,123
123,2000001,1983-04-29,8.1112743388827,0.006520401584579005,1983,4,124
124,2000001,1983-05-31,8.0770329298969,0.0064938319837879455,1983,5,125
125,2000001,1983-06-30,8.6947431470418,0.006971962239241458,1983,6,126
126,2000001,1983-07-29,8.9186345249827,0.0071446475102183715,1983,7,127
127,2000001,1983-08-31,9.1458334752343,0.007319551564971327,1983,8,128
128,2000001,1983-09-30,8.7550479951496,0.007018506850675177,1983,9,129
129,2000001,1983-10-31,8.4455336434238,0.006779365470684473,1983,10,130
130,2000001,1983-11-30,8.5015156529741,0.0068226653953176175,1983,11,131
131,2000001,1983-12-30,8.6426254597365,0.006931717586071251,1983,12,132
132,2000001,1984-01-31,8.8836034315178,0.007117649849378571,1984,1,133
133,2000001,1984-02-29,8.8901222768685,0.0071226743769909895,1984,2,134
134,2000001,1984-03-30,9.5526534783497,0.007631900736674746,1984,3,135
135,2000001,1984-04-30,9.2627329727146,0.007409414045262075,1984,4,136
136,2000001,1984-05-31,9.3594956377719,0.007483730383976539,1984,5,137
137,2000001,1984-06-29,9.3583326218341,0.007482837514287244,1984,6,138
138,2000001,1984-07-31,9.6497971063287,0.007706328615031621,1984,7,139
139,2000001,1984-08-31,10.719467248606,0.008521897564962355,1984,8,140
140,2000001,1984-09-28,10.432752084982,0.008304002815250788,1984,9,141
141,2000001,1984-10-31,8.6037736485116,0.0069017051680944075,1984,10,142
142,2000001,1984-11-30,7.4066182575814,0.0059720634801534445,1984,11,143
143,2000001,1984-12-31,7.5982081146141,0.0061214774962954355,1984,12,144
144,2000001,1985-01-31,7.652477718302,0.0061637560779750356,1985,1,145
145,2000001,1985-02-28,7.7137101096352,0.006211435548068467,1985,2,146
146,2000001,1985-03-29,8.0908525769682,0.00650455625921742,1985,3,147
147,2000001,1985-04-30,7.3525886491967,0.00592988357467128,1985,4,148
148,2000001,1985-05-31,7.029621325751,0.005677342451283263,1985,5,149
149,2000001,1985-06-28,6.6310166669303,0.0053646925814896385,1985,6,150
150,2000001,1985-07-31,7.0609187155444,0.00570184568206078,1985,7,151
151,2000001,1985-08-30,7.0697557904468,0.005708763181643928,1985,8,152
152,2000001,1985-09-30,7.0676980408957,0.005707152459915488,1985,9,153
153,2000001,1985-10-31,7.1725344372112,0.005789177997619355,1985,10,154
154,2000001,1985-11-29,6.5697883558774,0.0053165726016422,1985,11,155
155,2000001,1985-12-31,5.905029558082,0.004792494019325355,1985,12,156
156,2000001,1986-01-31,6.7840189984223,0.005484828102217287,1986,1,157
157,2000001,1986-02-28,6.9473186381042,0.005612874990962746,1986,2,158
158,2000001,1986-03-31,6.2723949856982,0.00508248690149915,1986,3,159
159,2000001,1986-04-30,5.8976753954755,0.004786679342241529,1986,4,160
160,2000001,1986-05-30,6.151619397525,0.004987249952332684,1986,5,161
161,2000001,1986-06-30,5.8851137575474,0.0047767464418553285,1986,6,162
162,2000001,1986-07-31,5.6321402870269,0.004576481731138671,1986,7,163
163,2000001,1986-08-29,5.1222167117085,0.004171464434334915,1986,8,164
164,2000001,1986-09-30,5.1105774962289,0.004162198742156065,1986,9,165
165,2000001,1986-10-31,5.1222167117085,0.004171464434334915,1986,10,166
166,2000001,1986-11-28,4.9595522632541,0.004041885928055766,1986,11,167
167,2000001,1986-12-31,5.1127508153674,0.004163928939293404,1986,12,168
168,2000001,1987-01-30,5.580746766219,0.004535742679347976,1987,1,169
169,2000001,1987-02-27,5.3667452979111,0.004365910507006854,1987,2,170
170,2000001,1987-03-31,5.2022089371928,0.004235118841675156,1987,3,171
171,2000001,1987-04-30,4.8576826943622,0.003960642853202412,1987,4,172
172,2000001,1987-05-29,5.3870775417521,0.004382059820110529,1987,5,173
173,2000001,1987-06-30,4.9273292069404,0.004016195196981487,1987,6,174
174,2000001,1987-07-31,5.6011208336903,0.00455189514218346,1987,7,175
175,2000001,1987-08-31,5.660973020467,0.004599329151498521,1987,8,176
176,2000001,1987-09-30,6.4995382113487,0.005261331037908379,1987,9,177
177,2000001,1987-10-30,4.0225322105362,0.003291851745863772,1987,10,178
178,2000001,1987-11-30,3.5133221670899,0.0028816552613859514,1987,11,179
179,2000001,1987-12-31,3.6869246447683,0.003021708937433365,1987,12,180
180,2000001,1988-01-29,5.2852151959032,0.004301124799171996,1988,1,181
181,2000001,1988-02-29,5.1720374062959,0.004211114834903107,1988,2,182
182,2000001,1988-03-31,5.7340599064974,0.004657218524174889,1988,3,183
183,2000001,1988-04-29,5.7540250100169,0.00467302575293127,1988,4,184
184,2000001,1988-05-31,5.8642692219746,0.0047602615981556795,1988,5,185
185,2000001,1988-06-30,6.5397903917776,0.005292987632602442,1988,6,186
186,2000001,1988-07-29,6.3759838350168,0.0051640923305733555,1988,7,187
187,2000001,1988-08-31,7.2038652151866,0.005813677383972982,1988,8,188
188,2000001,1988-09-30,7.0901677423719,0.005724739281575575,1988,9,189
189,2000001,1988-10-31,6.7413256927113,0.0054513217312404105,1988,10,190
190,2000001,1988-11-30,6.8261217809795,0.005517858997363012,1988,11,191
191,2000001,1988-12-30,6.6105798378857,0.005348633877298115,1988,12,192
192,2000001,1989-01-31,7.8831222935308,0.006343221400983978,1989,1,193
193,2000001,1989-02-28,7.5362087320486,0.006073153123887343,1989,2,194
194,2000001,1989-03-31,8.7754920164773,0.007034280627490119,1989,3,195
195,2000001,1989-04-28,8.5608492038849,0.006868535258726993,1989,4,196
196,2000001,1989-05-31,8.5935381821693,0.00689379679209523,1989,5,197
197,2000001,1989-06-30,8.2542910406789,0.006631291979947829,1989,6,198
198,2000001,1989-07-31,7.84314822343,0.006312142653468689,1989,7,199
199,2000001,1989-08-31,7.7852373731835,0.0062670998136851175,1989,8,200
200,2000001,1989-09-29,7.7537675602021,0.006242613408558251,1989,9,201
201,2000001,1989-10-31,7.6892466395302,0.006192389701092704,1989,10,202
202,2000001,1989-11-30,7.0704420620669,0.005709300360537073,1989,11,203
203,2000001,1989-12-29,6.2637939553281,0.005075707886680769,1989,12,204
204,2000001,1990-01-31,7.6430412332775,0.006156406014374616,1990,1,205
205,2000001,1990-02-28,7.7043367347102,0.0062041384475515216,1990,2,206
206,2000001,1990-03-30,7.9988927590808,0.006433170256471721,1990,3,207
207,2000001,1990-04-30,7.5165806334816,0.0060578490110907435,1990,4,208
208,2000001,1990-05-31,7.3358802745289,0.0059168357194090415,1990,5,209
209,2000001,1990-06-29,7.6414372125354,0.006155156586366228,1990,6,210
210,2000001,1990-07-31,7.4647976288646,0.006017461285447556,1990,7,211
211,2000001,1990-08-31,7.4882784070362,0.00603577713404202,1990,8,212
212,2000001,1990-09-28,7.0187276077419,0.005668812042945781,1990,9,213
213,2000001,1990-10-31,6.7444660259385,0.005453786732181332,1990,10,214
214,2000001,1990-11-30,6.6513962741132,0.005380703513066187,1990,11,215
215,2000001,1990-12-31,5.447024659215,0.004429657462815539,1990,12,216
216,2000001,1991-01-31,5.8768054772784,0.0047701762178054,1991,1,217
217,2000001,1991-02-28,5.7136792636828,0.004641079472824217,1991,2,218
218,2000001,1991-03-28,5.8870017126788,0.004778239379062521,1991,3,219
219,2000001,1991-04-30,5.4160648790163,0.00440507868578921,1991,4,220
220,2000001,1991-05-31,5.3875033663209,0.004382398009712185,1991,5,221
221,2000001,1991-06-28,5.1833265567044,0.004220097048632132,1991,6,222
222,2000001,1991-07-31,5.5408068953879,0.004504070249341963,1991,7,223
223,2000001,1991-08-30,5.3055890495633,0.004317318644268653,1991,8,224
224,2000001,1991-09-30,4.9887482442573,0.004065156996580388,1991,9,225
225,2000001,1991-10-31,4.786383874157,0.0039037375273973662,1991,10,226
226,2000001,1991-11-29,4.0632353975472,0.003324560888299022,1991,11,227
227,2000001,1991-12-31,3.7165038872285,0.0030455505355364565,1991,12,228
228,2000001,1992-01-31,3.7274358136908,0.0030543603601544955,1992,1,229
229,2000001,1992-02-28,3.8495326005148,0.0031526979653366816,1992,2,230
230,2000001,1992-03-31,4.0114669449388,0.0032829576535047256,1992,3,231
231,2000001,1992-04-30,3.5037961150167,0.0028739638956323255,1992,4,232
232,2000001,1992-05-29,3.6358723358956,0.002980544848467215,1992,5,233
233,2000001,1992-06-30,3.5131227451262,0.0028814942540864585,1992,6,234
234,2000001,1992-07-31,3.0764873768708,0.002528284279241122,1992,7,235
235,2000001,1992-08-31,3.0252721432214,0.0024867646125572573,1992,8,236
236,2000001,1992-09-30,2.6903718748074,0.0022147970934651706,1992,9,237
237,2000001,1992-10-30,2.7714911176172,0.0022807473574231185,1992,10,238
238,2000001,1992-11-30,2.6695518170644,0.002197862603234846,1992,11,239
239,2000001,1992-12-31,2.9240956469943,0.0024046862233018107,1992,12,240
240,2000001,1993-01-29,2.8629808971362,0.002355071674790432,1993,1,241
241,2000001,1993-02-26,2.7206668314686,0.0022394325978167817,1993,2,242
242,2000001,1993-03-31,2.8632056868119,0.00235525421442051,1993,3,243
243,2000001,1993-04-30,2.852814981508,0.0023468160981343633,1993,4,244
244,2000001,1993-05-28,2.9544784743858,0.002429341746150504,1993,5,245
245,2000001,1993-06-30,2.8632056868119,0.00235525421442051,1993,6,246
246,2000001,1993-07-30,2.8841112116871,0.0023722288709395745,1993,7,247
247,2000001,1993-08-31,2.8625314600432,0.0023547067099543018,1993,8,248
248,2000001,1993-09-30,2.7817623552784,0.002289094510339762,1993,9,249
249,2000001,1993-10-29,2.8324834379732,0.0023303029343497705,1993,10,250
250,2000001,1993-11-30,2.7507461103132,0.0022638861271557786,1993,11,251
251,2000001,1993-12-31,2.9443116922778,0.0024210921924414652,1993,12,252
252,2000001,1994-01-31,2.791500965099,0.002297008105070164,1994,1,253
253,2000001,1994-02-28,2.9032987815968,0.002387805817325672,1994,2,254
254,2000001,1994-03-31,3.3918989994079,0.002783569186333379,1994,3,255
255,2000001,1994-04-29,3.6155259567899,0.0029641341385073794,1994,4,256
256,2000001,1994-05-31,3.7876953199599,0.003102907040881453,1994,5,257
257,2000001,1994-06-30,3.5241423358008,0.002890390714171742,1994,6,258
258,2000001,1994-07-29,3.9512905316362,0.003234573577003852,1994,7,259
259,2000001,1994-08-31,4.3894881356907,0.0035863151637780533,1994,8,260
260,2000001,1994-09-30,4.4907686560696,0.0036674205308064867,1994,9,261
261,2000001,1994-10-31,4.3372844282122,0.00354448229701787,1994,10,262
262,2000001,1994-11-30,4.9497012178796,0.004034032674536281,1994,11,263
263,2000001,1994-12-30,4.7351498424951,0.0038628244782630272,1994,12,264
264,2000001,1995-01-31,5.1818525864664,0.004218924334214558,1995,1,265
265,2000001,1995-02-28,5.0189488833077,0.004089222601008302,1995,2,266
266,2000001,1995-03-31,5.7743909736047,0.004689147541577343,1995,3,267
267,2000001,1995-04-28,5.7336174612673,0.004656868190322294,1995,4,268
268,2000001,1995-05-31,5.6427565072272,0.004584894822303065,1995,5,269
269,2000001,1995-06-30,5.3259674856137,0.0043335132589017444,1995,6,270
270,2000001,1995-07-31,5.447024659215,0.004429657462815539,1995,7,271
271,2000001,1995-08-31,5.3671207596059,0.004366208751256817,1995,8,272
272,2000001,1995-09-29,5.3565358644872,0.004357800372040588,1995,9,273
273,2000001,1995-10-31,4.9884068671148,0.0040648849313902335,1995,10,274
274,2000001,1995-11-30,5.4180780231083,0.004406677109500601,1995,11,275
275,2000001,1995-12-29,4.5824050818417,0.003740740841499113,1995,12,276
276,2000001,1996-01-31,4.9293244088091,0.004017786137385793,1996,1,277
277,2000001,1996-02-29,4.9799269050118,0.004058126449155486,1996,2,278
278,2000001,1996-03-29,5.1935145660077,0.004228202380737622,1996,3,279
279,2000001,1996-04-30,4.8357082855467,0.003943108324238942,1996,4,280
280,2000001,1996-05-31,5.0308652525847,0.004098716503357025,1996,5,281
281,2000001,1996-06-28,4.8166226026521,0.003927876126547103,1996,6,282
282,2000001,1996-07-31,5.0312125496734,0.004098993183956123,1996,7,283
283,2000001,1996-08-30,5.1120131992059,0.004163341720711866,1996,8,284
284,2000001,1996-09-30,4.9887482442573,0.004065156996580388,1996,9,285
285,2000001,1996-10-31,4.9620990717049,0.004043916133872338,1996,10,286
286,2000001,1996-11-29,4.9490290257211,0.0040334967783108855,1996,11,287
287,2000001,1996-12-31,4.8738811345041,0.003973566278415497,1996,12,288
288,2000001,1997-01-31,4.969400694256,0.004049736422045758,1997,1,289
289,2000001,1997-02-28,5.0559845985718,0.004118726128357952,1997,2,290
290,2000001,1997-03-31,5.2229561265599,0.004251621325610966,1997,3,291
291,2000001,1997-04-30,4.9904560646412,0.0040665180552541536,1997,4,292
292,2000001,1997-05-30,4.4144109426144,0.0036062800183478405,1997,5,293
293,2000001,1997-06-30,5.0447502389251,0.004109777579105245,1997,6,294
294,2000001,1997-07-31,5.1174661533258,0.004167682745644274,1997,7,295
295,2000001,1997-08-29,5.017784956423,0.004088295234732975,1997,8,296
296,2000001,1997-09-30,4.7491875956958,0.003874036181457763,1997,9,297
297,2000001,1997-10-31,4.8930089304699,0.003988824443884598,1997,10,298
298,2000001,1997-11-28,4.9901143758077,0.004066245745717678,1997,11,299
299,2000001,1997-12-31,5.1076353752185,0.004159856443315846,1997,12,300
300,2000001,1998-01-30,5.025424776112,0.004094382138464248,1998,1,301
301,2000001,1998-02-27,5.1222005317508,0.004171451554522809,1998,2,302
302,2000001,1998-03-31,5.2302188224467,0.004257397428457432,1998,3,303
303,2000001,1998-04-30,4.7278187205828,0.0038569686943519255,1998,4,304
304,2000001,1998-05-29,4.5671318009421,0.003728524445797632,1998,5,305
305,2000001,1998-06-30,4.7033850152692,0.003837449391148162,1998,6,306
306,2000001,1998-07-31,4.7453335994392,0.003870958200528074,1998,7,307
307,2000001,1998-08-31,4.690964197427,0.0038275251974517754,1998,8,308
308,2000001,1998-09-30,4.0280603617702,0.003296294864964633,1998,9,309
309,2000001,1998-10-30,3.5519460080292,0.0029128336304378166,1998,10,310
310,2000001,1998-11-30,4.441596191365,0.003628052261370973,1998,11,311
311,2000001,1998-12-31,4.3943146741389,0.0035901818887533743,1998,12,312
312,2000001,1999-01-29,4.4093206214902,0.003602202681740607,1999,1,313
313,2000001,1999-02-26,4.5060408504483,0.003679644239980684,1999,2,314
314,2000001,1999-03-31,4.5575195610907,0.0037208352180959636,1999,3,315
315,2000001,1999-04-30,4.4524873101386,0.0036367733315894046,1999,4,316
316,2000001,1999-05-28,4.4195012878751,0.003610357192080915,1999,5,317
317,2000001,1999-06-30,4.4378579643655,0.003625058681570925,1999,6,318
318,2000001,1999-07-30,4.4500438663229,0.003634816814944264,1999,7,319
319,2000001,1999-08-31,4.4998388502452,0.0036746804195246785,1999,8,320
320,2000001,1999-09-30,4.5012280203727,0.0036757922764136808,1999,9,321
321,2000001,1999-10-29,4.3660538664246,0.00356753874247695,1999,10,322
322,2000001,1999-11-30,4.57107613455,0.0037316794936914643,1999,11,323
323,2000001,1999-12-31,5.1018259634536,0.004155231243437196,1999,12,324
324,2000001,2000-01-31,5.3859108304347,0.004381133212306265,2000,1,325
325,2000001,2000-02-29,5.314227907597,0.004324184241028206,2000,2,326
326,2000001,2000-03-31,5.8559426449463,0.004753675715916117,2000,3,327
327,2000001,2000-04-28,5.2699277174844,0.004288971894955695,2000,4,328
328,2000001,2000-05-31,4.6746488432068,0.003814487641531805,2000,5,329
329,2000001,2000-06-30,5.6291424027875,0.004574105841906206,2000,6,330
330,2000001,2000-07-31,5.8749103032492,0.004768677439770164,2000,7,331
331,2000001,2000-08-31,6.2337330537432,0.005052011041521087,2000,8,332
332,2000001,2000-09-29,5.9196591990987,0.0048040600602470285,2000,9,333
333,2000001,2000-10-31,6.0272657762215,0.004889087722706131,2000,10,334
334,2000001,2000-11-30,6.1189930096839,0.004961505547032008,2000,11,335
335,2000001,2000-12-29,5.7692941997746,0.004685113179383915,2000,12,336
336,2000001,2001-01-31,4.8274465059009,0.003936514947103564,2001,1,337
337,2000001,2001-02-28,5.0133813858795,0.004084786576159294,2001,2,338
338,2000001,2001-03-30,4.4322272566264,0.0036205494139360805,2001,3,339
339,2000001,2001-04-30,3.7421209392371,0.0030661934746540886,2001,4,340
340,2000001,2001-05-31,3.4453029431826,0.0028267220865314524,2001,5,341
341,2000001,2001-06-29,3.4146261678491,0.002801936304968944,2001,6,342
342,2000001,2001-07-31,3.6402319747007,0.0029840608033362415,2001,7,343
343,2000001,2001-08-31,3.3739421808522,0.002769054641581281,2001,8,344
344,2000001,2001-09-28,2.3776658207938,0.0019601181591231143,2001,9,345
345,2000001,2001-10-31,2.0933052972478,0.001727905025168619,2001,10,346
346,2000001,2001-11-30,1.7275350720468,0.0014283381400517214,2001,11,347
347,2000001,2001-12-31,1.6360319456404,0.0013532424255555675,2001,12,348
348,2000001,2002-01-31,1.6894928024579,0.0013971247472674975,2002,1,349
349,2000001,2002-02-28,1.7326538388643,0.0014325372325318941,2002,2,350
350,2000001,2002-03-28,1.7098036558971,0.001413790979574392,2002,3,351
351,2000001,2002-04-30,1.7527549769008,0.0014490249826515367,2002,4,352
352,2000001,2002-05-31,1.6894928024579,0.0013971247472674975,2002,5,353
353,2000001,2002-06-28,1.6666054953534,0.0013783407284471139,2002,6,354
354,2000001,2002-07-31,1.6996877751244,0.0014054906945446533,2002,7,355
355,2000001,2002-08-30,1.6564509021037,0.0013700054322218769,2002,8,356
356,2000001,2002-09-30,1.5700393812955,0.0012990445023763897,2002,9,357
357,2000001,2002-10-31,1.420411332708,0.0011760393347377551,2002,10,358
358,2000001,2002-11-29,1.2173566324679,0.00100884724316197,2002,11,359
359,2000001,2002-12-31,1.1360858114442,0.0009418439414785595,2002,12,360
360,2000001,2003-01-31,1.1463062350461,0.0009502728286270301,2003,1,361
361,2000001,2003-02-28,1.1945184918963,0.0009900234415292086,2003,2,362
362,2000001,2003-03-31,1.1411778473103,0.0009460434927694994,2003,3,363
363,2000001,2003-04-30,1.0930542665745,0.0009063468227559213,2003,4,364
364,2000001,2003-05-30,1.120932232678,0.0009293451939715869,2003,5,365
365,2000001,2003-06-30,0.79363546909904,0.0006589693139618102,2003,6,366
366,2000001,2003-07-31,0.87991972666325,0.0007303257194968271,2003,7,367
367,2000001,2003-08-29,0.9712378252088,0.0008057841605597638,2003,8,368
368,2000001,2003-09-30,0.85196488917849,0.0007072134164165522,2003,9,369
369,2000001,2003-10-31,0.91542491396692,0.0007596719853508738,2003,10,370
370,2000001,2003-11-28,0.90021481869211,0.0007471014742914672,2003,11,371
371,2000001,2003-12-31,0.826656352684,0.0006862839378234398,2003,12,372
372,2000001,2004-01-30,0.82663762594867,0.0006862684495343441,2004,1,373
373,2000001,2004-02-27,0.93318325279341,0.0007743463163107922,2004,2,374
374,2000001,2004-03-31,0.92305894443641,0.0007659805394035768,2004,3,375
375,2000001,2004-04-30,0.80888104949954,0.0006715813613389354,2004,4,376
376,2000001,2004-05-28,0.90781428725237,0.0007533823360565961,2004,5,377
377,2000001,2004-06-30,1.1285792775762,0.0009356527294064332,2004,6,378
378,2000001,2004-07-30,1.2782607160614,0.001059026976440114,2004,7,379
379,2000001,2004-08-31,1.440574730471,0.0011926248122935412,2004,8,380
380,2000001,2004-09-30,1.4584846821502,0.0012073541753663264,2004,9,381
381,2000001,2004-10-29,1.7478456994445,0.0014449984742752608,2004,10,382
382,2000001,2004-11-30,2.0320084289759,0.0016777714024822643,2004,11,383
383,2000001,2004-12-31,1.9078053199359,0.0015761031760443966,2004,12,384
384,2000001,2005-01-31,2.1615662762847,0.0017837020088629085,2005,1,385
385,2000001,2005-02-28,2.4968121415199,0.0020572391393689493,2005,2,386
386,2000001,2005-03-31,2.5987909497196,0.0021402840252884303,2005,3,387
387,2000001,2005-04-29,2.7105022630462,0.0022311676322028795,2005,4,388
388,2000001,2005-05-31,2.7507461101099,0.0022638861269905775,2005,5,389
389,2000001,2005-06-30,2.9851015762866,0.0024541855025037584,2005,6,390
390,2000001,2005-07-29,3.2290180061725,0.002651827370940385,2005,7,391
391,2000001,2005-08-31,3.341193726878,0.002742578026127651,2005,8,392
392,2000001,2005-09-30,3.1857987940741,0.002616838711374969,2005,9,393
393,2000001,2005-10-31,3.6963515909707,0.0030293079650935972,2005,10,394
394,2000001,2005-11-30,3.9705619268828,0.003250071290167078,2005,11,395
395,2000001,2005-12-30,3.9462024058776,0.0032304813573289515,2005,12,396
396,2000001,2006-01-31,4.3268513800457,0.0035361195883163443,2006,1,397
397,2000001,2006-02-28,4.4235178167709,0.0036135741509863983,2006,2,398
398,2000001,2006-03-31,4.5925873897287,0.0037488842932320576,2006,3,399
399,2000001,2006-04-28,4.6129522953616,0.0037651692485471955,2006,4,400
400,2000001,2006-05-31,4.6950205344819,0.0038307663164520722,2006,5,401
401,2000001,2006-06-30,4.6842325075268,0.0038221461477707663,2006,6,402
402,2000001,2006-07-31,5.0324328561887,0.004099965356885171,2006,7,403
403,2000001,2006-08-31,4.964645886433,0.004045946299537251,2006,8,404
404,2000001,2006-09-29,4.6485918098361,0.003793661672149451,2006,9,405
405,2000001,2006-10-31,5.1512046616048,0.004194536938778359,2006,10,406
406,2000001,2006-11-30,4.9799269054193,0.004058126449480337,2006,11,407
407,2000001,2006-12-29,4.768247405514,0.0038892567073880446,2006,12,408
408,2000001,2007-01-31,5.0006450323063,0.004074637798270775,2007,1,409
409,2000001,2007-02-28,5.1433013319201,0.004188246985550315,2007,2,410
410,2000001,2007-03-30,5.0508912344155,0.00411466919941228,2007,3,411
411,2000001,2007-04-30,4.7545869405823,0.003878348175198054,2007,4,412
412,2000001,2007-05-31,4.6947181319369,0.003830524692910009,2007,5,413
413,2000001,2007-06-29,4.5314949906667,0.0037000138366551916,2007,6,414
414,2000001,2007-07-31,5.1054887598816,0.0041581474292511356,2007,7,415
415,2000001,2007-08-31,4.1522907863253,0.003396085052623121,2007,8,416
416,2000001,2007-09-28,3.4425973033108,0.0028245362933203566,2007,9,417
417,2000001,2007-10-31,3.9822547732295,0.0032594731856683268,2007,10,418
418,2000001,2007-11-30,3.2188486232589,0.0026435958266757265,2007,11,419
419,2000001,2007-12-31,2.8575620280188,0.0023506711913776623,2007,12,420
420,2000001,2008-01-31,1.6641047919273,0.0013762881219014922,2008,1,421
421,2000001,2008-02-29,2.0703283907299,0.0017091158540738505,2008,2,422
422,2000001,2008-03-31,1.2375946392907,0.0010255246921277994,2008,3,423
423,2000001,2008-04-30,1.2580023449681,0.001042338889758021,2008,4,424
424,2000001,2008-05-30,1.9484337810123,0.001609372677043197,2008,5,425
425,2000001,2008-06-30,1.6944130667209,0.0014011623892815628,2008,6,426
426,2000001,2008-07-31,1.5828673113609,0.0013095822642461563,2008,7,427
427,2000001,2008-08-29,1.664066838036,0.0013762569685482617,2008,8,428
428,2000001,2008-09-30,0.96357591025453,0.0007994553322774323,2008,9,429
429,2000001,2008-10-31,0.25350215073721,0.00021100673881968568,2008,10,430
430,2000001,2008-11-28,0.030417110251549,2.534405881049473e-05,2008,11,431
431,2000001,2008-12-31,0.030417122925706,2.5344069369381828e-05,2008,12,432
432,2000001,2009-01-30,0.17744521983548,0.00014775089058538526,2009,1,433
433,2000001,2009-02-27,0.17237494935926,0.00014353242833475832,2009,2,434
434,2000001,2009-03-31,0.15209283933393,0.0001266557662613632,2009,3,435
435,2000001,2009-04-30,0.035486714881527,2.9567453638579266e-05,2009,4,436
436,2000001,2009-05-29,0.081114175463167,6.75700291639103e-05,2009,5,437
437,2000001,2009-06-30,0.14448774579656,0.00012032679093088028,2009,6,438
438,2000001,2009-07-31,0.12927861713959,0.00010766839939813089,2009,7,439
439,2000001,2009-08-31,0.093788457527196,7.812347117419627e-05,2009,8,440
440,2000001,2009-09-30,0.043091193472168,3.5902237706331164e-05,2009,9,441
441,2000001,2009-10-30,0.0101389367674,8.448721366960399e-06,2009,10,442
442,2000001,2009-11-30,0.073509239079516,6.123707013916402e-05,2009,11,443
443,2000001,2009-12-31,0.038021526438339,3.167908517798246e-05,2009,12,444
444,2000001,2010-01-29,0.015208441060209,1.2672817544467918e-05,2010,1,445
445,2000001,2010-02-26,0.073509461151427,6.123725507456435e-05,2010,2,446
446,2000001,2010-03-31,0.13434917860738,0.0001118887681221814,2010,3,447
447,2000001,2010-04-30,0.14195382937654,0.00011821796233979498,2010,4,448
448,2000001,2010-05-28,0.13688372652305,0.00011399826910563071,2010,5,449
449,2000001,2010-06-30,0.16223520138436,0.00013509557645585701,2010,6,450
450,2000001,2010-07-30,0.14195382937654,0.00011821796233979498,2010,7,451
451,2000001,2010-08-31,0.15209283933393,0.0001266557662613632,2010,8,452
452,2000001,2010-09-30,0.13434893134089,0.00011188856232036137,2010,9,453
453,2000001,2010-10-29,0.12674359265089,0.00010555835485925869,2010,10,454
454,2000001,2010-11-30,0.16983824245858,0.00014142181612863958,2010,11,455
455,2000001,2010-12-31,0.081114175463167,6.75700291639103e-05,2010,12,456
456,2000001,2011-01-31,0.14955810929069,0.00012454640737158407,2011,1,457
457,2000001,2011-02-28,0.078579010946888,6.545893718090667e-05,2011,2,458
458,2000001,2011-03-31,0.058300240698852,4.857055677032207e-05,2011,3,459
459,2000001,2011-04-29,0.015208441060209,1.2672817544467918e-05,2011,4,460
460,2000001,2011-05-31,0.043091040852746,3.590211057358239e-05,2011,5,461
461,2000001,2011-06-30,0.0076041943903594,6.336607814683148e-06,2011,6,462
462,2000001,2011-07-29,0.088718943645617,7.390240702531692e-05,2011,7,463
463,2000001,2011-08-31,0.0,0.0,2011,8,464
464,2000001,2011-09-30,0.015208441060209,1.2672817544467918e-05,2011,9,465
465,2000001,2011-10-31,0.0050694553579022,4.224447977430046e-06,2011,10,466
466,2000001,2011-11-30,0.0,0.0,2011,11,467
467,2000001,2011-12-30,0.0,0.0,2011,12,468
468,2000001,2012-01-31,0.038021427421155,3.167900269240853e-05,2012,1,469
469,2000001,2012-02-29,0.053230563981166,4.434798462793488e-05,2012,2,470
470,2000001,2012-03-30,0.035486697630526,2.9567439267408346e-05,2012,3,471
471,2000001,2012-04-30,0.076044122284571,6.334802589447186e-05,2012,4,472
472,2000001,2012-05-31,0.027882317178503,2.3232295518038626e-05,2012,5,473
473,2000001,2012-06-29,0.035486697630526,2.9567439267408346e-05,2012,6,474
474,2000001,2012-07-31,0.060834854217479,5.0681582035805306e-05,2012,7,475
475,2000001,2012-08-31,0.078579264706877,6.545914849542811e-05,2012,8,476
476,2000001,2012-09-28,0.04055632162419,3.379065403374959e-05,2012,9,477
477,2000001,2012-10-31,0.093789060033171,7.812397283113448e-05,2012,10,478
478,2000001,2012-11-30,0.12167295321095,0.00010133762736153074,2012,11,479
479,2000001,2012-12-31,0.025347495060887,2.112045897217918e-05,2012,12,480
480,2000001,2013-01-31,0.060835107707891,5.0681793160034516e-05,2013,1,481
481,2000001,2013-02-28,0.048160834277649,4.012517221818612e-05,2013,2,482
482,2000001,2013-03-28,0.040556344156208,3.379067280340209e-05,2013,3,483
483,2000001,2013-04-30,0.015208428386109,1.2672806984248552e-05,2013,4,484
484,2000001,2013-05-31,0.015208444228605,1.267282018457827e-05,2013,5,485
485,2000001,2013-06-28,0.0101389367674,8.448721366960399e-06,2013,6,486
486,2000001,2013-07-31,0.010138939583633,8.448723713527784e-06,2013,7,487
487,2000001,2013-08-30,0.0101389367674,8.448721366960399e-06,2013,8,488
488,2000001,2013-09-30,0.020277952393879,1.689672332716441e-05,2013,9,489
489,2000001,2013-10-31,0.035486714881527,2.9567453638579266e-05,2013,10,490
490,2000001,2013-11-29,0.025347521464883,2.1120480970360234e-05,2013,11,491
491,2000001,2013-12-31,0.015208428386109,1.2672806984248552e-05,2013,12,492
492,2000001,2014-01-31,0.050695641434279,4.2236554884222954e-05,2014,1,493
493,2000001,2014-02-28,0.03041709757775,2.534404825205172e-05,2014,2,494
494,2000001,2014-03-31,0.017743189245834,1.4784788733956944e-05,2014,3,495
495,2000001,2014-04-30,0.010138939583633,8.448723713527784e-06,2014,4,496
496,2000001,2014-05-30,0.022812742386355,1.9008631225059247e-05,2014,5,497
497,2000001,2014-06-30,0.015208431554825,1.2672809624358905e-05,2014,6,498
498,2000001,2014-07-31,0.005069456766053,4.224449150935783e-06,2014,7,499
499,2000001,2014-08-29,0.0050694564139259,4.224448857392815e-06,2014,8,500
500,2000001,2014-09-30,0.015208428386109,1.2672806984248552e-05,2014,9,501
501,2000001,2014-10-31,0.0025347252145805,2.1122464732847845e-06,2014,10,502
502,2000001,2014-11-28,0.005069456766053,4.224449150935783e-06,2014,11,503
503,2000001,2014-12-31,0.010138939583633,8.448723713527784e-06,2014,12,504
504,2000001,2015-01-30,-0.020277586267742,-1.6899559241001505e-05,2015,1,505
505,2000001,2015-02-27,-0.0050694324748787,-4.224625222093437e-06,2015,2,506
506,2000001,2015-03-31,0.035486628626807,2.956738178294671e-05,2015,3,507
507,2000001,2015-04-30,-0.0050694321229741,-4.2246249287725135e-06,2015,4,508
508,2000001,2015-05-29,0.0025347252145805,2.1122464732847845e-06,2015,5,509
509,2000001,2015-06-30,-0.045624144552527,-3.802807319119861e-05,2015,6,510
510,2000001,2015-07-31,0.03041709757775,2.534404825205172e-05,2015,7,511
511,2000001,2015-08-31,-0.0076041421116001,-6.337005955425745e-06,2015,8,512
512,2000001,2015-09-30,-0.027881561074595,-2.323760392308749e-05,2015,9,513
513,2000001,2015-10-30,0.025347521464883,2.1120480970360234e-05,2015,10,514
514,2000001,2015-11-30,0.12167295321095,0.00010133762736153074,2015,11,515
515,2000001,2015-12-31,0.068439745703671,5.7015238965174575e-05,2015,12,516
516,2000001,2016-01-29,0.22814924171572,0.00018992584739030427,2016,1,517
517,2000001,2016-02-29,0.2230766865423,0.00018570744142376583,2016,2,518
518,2000001,2016-03-31,0.076044439154079,6.33482897685056e-05,2016,3,519
519,2000001,2016-04-29,0.13181364761451,0.00010977839995085503,2016,4,520
520,2000001,2016-05-31,0.22814638939253,0.00018992347541457733,2016,5,521
521,2000001,2016-06-30,0.21040316811656,0.0001751671155036938,2016,6,522
522,2000001,2016-07-29,0.18251551425827,0.00015196917704662916,2016,7,523
523,2000001,2016-08-31,0.23829188928279,0.0001983600244042094,2016,8,524
524,2000001,2016-09-30,0.18758583262838,0.00015618728773514334,2016,9,525
525,2000001,2016-10-31,0.16223339855766,0.00013509407633094384,2016,10,526
526,2000001,2016-11-30,0.30421230079366,0.000253157465180065,2016,11,527
527,2000001,2016-12-30,0.41070355206273,0.00034161039150171213,2016,12,528
